Topic Cluster,Topic,Type,Blog Post Ideas,Keywords,Word Count
Men's Fashion,Best Men's T-Shirt Brands,Blog,Best Men's T-Shirt Brands,t-shirt, best, men's, brands,800-1000
Men's Fashion,Top Men's Clothing Brands,Blog,Top Men's Clothing Brands,men's, clothing, brands,800-1000
Men's Fashion,Stylish Winter Jackets for Men,Blog,Stylish Winter Jackets for Men,cool, winter, jackets, mens,800-1000
Men's Fashion,Cool and Trendy Men's Dress Shirts,Blog,Cool and Trendy Men's Dress Shirts,cool, mens, dress, shirts,800-1000
Men's Fashion,Guide to Choosing the Best Men's Shirts,Blog,Guide to Choosing the Best Men's Shirts,best, mens, shirts,800-1000
Men's Fashion,Men's Suits Buying Guide,Blog,Men's Suits Buying Guide,best, male, suits,800-1000
Men's Fashion,Trendy T-Shirts for Men,Blog,Trendy T-Shirts for Men,trendy, mens, clothing,800-1000
Men's Fashion,Fashionable Outfits for Guys,Blog,Fashionable Outfits for Guys,best, outfits, guys,800-1000
Men's Fashion,Stylish Trousers for Men,Blog,Stylish Trousers for Men,mens, stylish, trousers,800-1000
Men's Fashion,Choosing the Best Men's Dress Pants,Blog,Choosing the Best Men's Dress Pants,best, mens, dress, pants,800-1000
Men's Fashion,Cozy Sweaters for Men,Blog,Cozy Sweaters for Men,best, sweaters, men,800-1000
Men's Fashion,Men's Fashion: Stylish Clothing Choices,Blog,Men's Fashion: Stylish Clothing Choices,nice, clothes, men,800-1000
Men's Fashion,Men's Jackets: Style and Warmth,Blog,Men's Jackets: Style and Warmth,nice, jackets, men,800-1000
Men's Fashion,Stay Stylish with Men's Jackets,Blog,Stay Stylish with Men's Jackets,mens, stylish, jackets,800-1000
Men's Fashion,Classic Men's Coats,Blog,Classic Men's Coats,nice, mens, coat,800-1000
Men's Fashion,Top Male Clothing Brands,Blog,Top Male Clothing Brands,top, male, clothing, brands,800-1000
Men's Fashion,Men's Branded Jeans: A Fashion Statement,Blog,Men's Branded Jeans: A Fashion Statement,mens, branded, jeans,800-1000
Men's Fashion,Male Designer Brands: A Guide,Blog,Male Designer Brands: A Guide,male, designer, brands,800-1000
Men's Fashion,Stylish Men's Wear for Every Occasion,Blog,Stylish Men's Wear for Every Occasion,stylish, wear, men,800-1000
Men's Fashion,Men's Luxury Brands: Elevate Your Style,Blog,Men's Luxury Brands: Elevate Your Style,mens, luxury, brands,800-1000
